timestamp,student_name,test_title,q1,q2,active_percent,drowsy_percent,inattentive_percent,noface_percent,blink_count
2025-10-18 21:42:27,Shraddha,java,123,456,74.07,1.85,22.22,1.85,29
2025-10-19 00:02:14,Shraddha,java,programming language,jdd,65.15,25.76,7.58,1.52,84
2025-10-19 11:33:46,Shraddha,java,bbb,eee,79.66,0.0,20.34,0.0,30
2025-10-19 12:13:45,Shraddha,java,oo,mm,65.08,6.35,12.7,15.87,41
2025-10-19 12:31:19,Shraddha,java,programming language,jk,78.79,3.03,18.18,0.0,7
2025-10-20 13:59:45,Shraddha,Python,123,kk,74.07,3.7,22.22,0.0,16
2025-10-20 20:15:33,Shraddha,java,123,435,66.67,9.09,24.24,0.0,8
2025-10-20 20:35:48,Shraddha,java,thy,ha,63.64,21.21,15.15,0.0,8
2025-10-22 14:05:57,Shraddha,java,programming language,nn,87.34,1.27,11.39,0.0,25
2025-10-27 16:38:04,Shra,Python,programming language,aaa,82.28,5.06,12.66,0.0,50
2025-10-28 11:59:27,swaraj,Python,abab,kkk,78.22,3.96,17.82,0.0,80
2025-10-28 12:37:01,swaraj,Python,ee,hh,57.69,18.27,20.19,3.85,87
2025-10-28 13:09:55,Shra,Python,hh,ff,73.53,2.94,20.59,2.94,16
2026-02-19 13:12:40,shree,java,uu,ff,59.52,0.0,23.81,16.67,67
2026-09-09 10:49:42,Shra,java,asd,swaraj,81.61,1.15,11.49,5.75,138
